hypervolume,normalized_hv,non_dominated,ordering,architecture_idx,clip_range,entropy,env_name,lr,n_epochs,n_steps,scalarization_method,seed,smoothness,target_kl,total_timesteps,wandb_run_name
31264.38205865032,0.6598700307671092,0.28484848484848485,0.8524322954347386,0,0.25312803217657504,0.02897779910816929,problem_3a,6.801501058678316e-05,20,2048,smooth_tchebycheff,42,0.003714618030432282,0.015975355112121413,200000,expert-sweep-5
31871.095434820807,0.6726754005789736,0.2545454545454545,0.9135519915821297,0,0.23855830488219856,0.039159488891924533,problem_3a,8.489435312618471e-05,20,2048,smooth_tchebycheff,42,0.053852025949236874,0.026750772001831385,200000,rural-sweep-3
24658.006154158844,0.5204350192841388,0.2868686868686869,0.946579359374146,0,0.16896356604053953,0.031014752577045848,problem_3a,3.704706619065106e-05,20,2048,smooth_tchebycheff,42,0.07010569363825182,0.008607034735606076,200000,dry-sweep-4
29313.98676902124,0.6187047393066476,0.07474747474747474,0.7105185622400376,0,0.1880890094253196,0.1211571074883927,problem_3a,8.808976409067913e-05,20,2048,smooth_tchebycheff,42,0.009830186709251966,0.022851812164733858,200000,gentle-sweep-1
29380.274128223507,0.6201038087548847,0.050505050505050504,0.7982481767998718,0,0.0934489686198089,0.0937600103596122,problem_3a,4.261614004942878e-05,20,2048,smooth_tchebycheff,42,0.007412558058085439,0.0059134109655414975,200000,hopeful-sweep-2
26926.892316147576,0.5683224196719014,0.2202020202020202,0.8750907914002228,0,0.2898959982274107,0.1900760410740216,problem_3a,9.951285779807911e-05,20,2048,smooth_tchebycheff,42,0.040849342292780144,0.009430280392840832,200000,proud-sweep-6
25883.830546462108,0.5463074250763532,0.024242424242424242,0.6876936802553649,0,0.2679853828157587,0.17394185320073452,problem_3a,6.522381849566826e-05,20,2048,smooth_tchebycheff,42,0.03965697163592549,0.02092923528661404,200000,flowing-sweep-7
30303.400650348565,0.6395874347358452,0.2606060606060606,0.9187100956706652,0,0.26123040814428405,0.023347514819491447,problem_3a,7.560838183705991e-05,20,2048,smooth_tchebycheff,42,0.04297567061618989,0.024913939874164785,200000,easy-sweep-8
28325.472795270525,0.5978410374414087,0.16161616161616163,0.8180646845410756,0,0.2643355305987844,0.06704753321508075,problem_3a,7.944921113635732e-05,20,2048,smooth_tchebycheff,42,0.06397776975346321,0.026919678217394338,200000,blooming-sweep-9
28788.674101652585,0.6076174232250876,0.37575757575757573,0.9360736219054513,0,0.20823811948111992,0.01353433825507724,problem_3a,9.73165513047548e-05,20,2048,smooth_tchebycheff,42,0.04347581684731348,0.029609711069194404,200000,worthy-sweep-10
29693.8601723511,0.6267223957526519,0.1494949494949495,0.9067381762436448,0,0.19658405116739291,0.04461831786262205,problem_3a,7.377409988531371e-05,20,2048,smooth_tchebycheff,42,0.04879748468896469,0.02461227302628106,200000,earnest-sweep-11
28948.16051666685,0.6109835638187182,0.4,0.9005923385811494,0,0.26172172864504384,0.0008764901629275679,problem_3a,8.942252281763262e-05,20,2048,smooth_tchebycheff,42,0.0042851771864386495,0.014075187446263456,200000,wobbly-sweep-12
28882.79755369142,0.6096040047950115,0.30505050505050507,0.8748341540197474,0,0.2645290191843029,0.025218297658769796,problem_3a,6.481544666711506e-05,20,2048,smooth_tchebycheff,42,0.008483540343676455,0.015216018703760228,200000,astral-sweep-15
29335.668052738387,0.6191623472429459,0.2808080808080808,0.9191542476882643,0,0.24535087974464276,0.033971768531737515,problem_3a,9.3385129212357e-05,20,2048,smooth_tchebycheff,42,0.07740119348955325,0.027357898481502583,200000,comfy-sweep-13
27384.848851352457,0.5779881086469386,0.14545454545454545,0.9156184652469049,0,0.2229664881960387,0.025333796171791257,problem_3a,8.773840675844379e-05,20,2048,smooth_tchebycheff,42,0.05441845001636341,0.02417255660912575,200000,faithful-sweep-14
24929.59497253086,0.5261672074847228,0.28888888888888886,0.8573526417015526,0,0.23132033600557175,0.060232604763841714,problem_3a,7.41649298725901e-05,20,2048,smooth_tchebycheff,42,0.0014861234829615657,0.015486961111829591,200000,polished-sweep-16
33523.458032170965,0.7075503760672605,0.3515151515151515,0.9130537436508007,0,0.24507313743216863,0.005082998661778438,problem_3a,7.693364705844754e-05,20,2048,smooth_tchebycheff,42,0.0545211031742514,0.029837397921233067,200000,summer-sweep-17
34926.32420741786,0.7371594482851513,0.3191919191919192,0.8951181690168662,0,0.2688312851835575,0.0358338466119333,problem_3a,2.547469547625341e-05,20,2048,smooth_tchebycheff,42,0.0037386929375694657,0.011936433356004065,200000,legendary-sweep-20
25020.842914605208,0.5280930981750004,0.26666666666666666,0.8532990154327558,0,0.08279082678407058,0.14115510059434763,problem_3a,2.605028077381208e-05,20,2048,smooth_tchebycheff,42,0.04438624874056806,0.01267179448427832,200000,ruby-sweep-18
29801.839235705665,0.6290014156201905,0.3898989898989899,0.8470059557944571,0,0.07780051292025635,0.06713498588040094,problem_3a,5.1052549465154025e-05,20,2048,smooth_tchebycheff,42,0.01755187653113558,0.018079644650737837,200000,legendary-sweep-19
28435.711880464107,0.6001677576178052,0.05858585858585859,0.8363049129217223,0,0.22212928979142096,0.05381120511873747,problem_3a,6.082755136133532e-05,20,2048,smooth_tchebycheff,42,0.0657933955819914,0.005800322238981449,200000,crisp-sweep-21
27242.843868528784,0.5749909333882319,0.3292929292929293,0.8958739720595322,0,0.12809114797927312,0.014641965256533563,problem_3a,1.185080494400569e-05,20,2048,smooth_tchebycheff,42,0.045520939120295645,0.00767013134583669,200000,silvery-sweep-22
27502.79764510025,0.5804775509142859,0.17777777777777778,0.8201506819151834,0,0.17944138095091083,0.06872595807929045,problem_3a,9.575648015983553e-05,20,2048,smooth_tchebycheff,42,0.07066133934755475,0.013551880915299394,200000,chocolate-sweep-24
30000.350495284354,0.6331912195549068,0.3191919191919192,0.8617305227185134,0,0.17347206229386264,0.09831611325001544,problem_3a,2.520939762355103e-05,20,2048,smooth_tchebycheff,42,0.07317356333222323,0.025830696614339396,200000,stellar-sweep-23
23474.44345899341,0.4954545942557948,0.16363636363636364,0.8798500352624142,0,0.27987944656825975,0.1996446267477226,problem_3a,7.908158547278891e-05,20,2048,smooth_tchebycheff,42,0.01549195864062044,0.01709241226568091,200000,brisk-sweep-26
30406.583505596358,0.6417652252240522,0.022222222222222223,0.836754679351642,0,0.2387228266726815,0.09863182764885133,problem_3a,5.7309593514114886e-05,20,2048,smooth_tchebycheff,42,0.09606611195279276,0.02529296529414174,200000,stellar-sweep-25
23940.9756501562,0.5053012821180057,0.30505050505050507,0.9523470723716992,0,0.12676400210570504,0.10047119821468112,problem_3a,2.9203103927386003e-05,20,2048,smooth_tchebycheff,42,0.09194853271055604,0.01674815931981747,200000,usual-sweep-28
26949.39135851603,0.5687972873264757,0.08282828282828283,0.6940570113519293,0,0.126665504154372,0.1813403829422912,problem_3a,5.7617744138790966e-05,20,2048,smooth_tchebycheff,42,0.019232572650994595,0.00875176738340825,200000,vocal-sweep-27
30734.59347813223,0.6486882454923923,0.34545454545454546,0.917282750893972,0,0.08203262585296774,0.09149766153709712,problem_3a,1.6154041667153717e-05,20,2048,smooth_tchebycheff,42,0.01987710628700854,0.00858678579615007,200000,blooming-sweep-29
30560.91481665068,0.6450225615367514,0.06868686868686869,0.7785695190047807,0,0.1355343412548402,0.06222754066754839,problem_3a,7.784584871596602e-05,20,2048,smooth_tchebycheff,42,0.02546706342210189,0.027568240515857097,200000,robust-sweep-30
26332.573698863864,0.5557786552201758,0.09898989898989899,0.8700742536413625,0,0.08549275710093267,0.1569208760911519,problem_3a,4.764203010123214e-05,20,2048,smooth_tchebycheff,42,0.029112887978718895,0.013448684696080494,200000,devout-sweep-31
31069.854107211246,0.6557642990414553,0.2101010101010101,0.8887271962010626,0,0.20628128468932372,0.04187021578068267,problem_3a,4.681175430992288e-05,20,2048,smooth_tchebycheff,42,0.022688224512947133,0.012646571264596836,200000,ruby-sweep-32
26067.10485453439,0.5501756359714096,0.05656565656565657,0.7723177868556614,0,0.08006380727856104,0.17559773928580583,problem_3a,2.8645274590776713e-05,20,2048,smooth_tchebycheff,42,0.0489318151475202,0.027597934507427545,200000,swift-sweep-33
25582.63819618959,0.5399504209600299,0.2545454545454545,0.885779893381537,0,0.23822382605647907,0.062296780555212775,problem_3a,5.344290809207123e-05,20,2048,smooth_tchebycheff,42,0.06848766420768995,0.013828960609271851,200000,azure-sweep-35
27693.05459428519,0.5844931383222445,0.08282828282828283,0.8642510465360332,0,0.21996202916495977,0.11230629704548524,problem_3a,6.89782631815104e-05,20,2048,smooth_tchebycheff,42,0.016309805761667996,0.019348193227206236,200000,good-sweep-34
32377.833522480883,0.6833706792148294,0.296969696969697,0.9356923044692721,0,0.06455147182046662,0.0981821045996725,problem_3a,1.2478024594370516e-05,20,2048,smooth_tchebycheff,42,0.019996571455720393,0.017232254361208618,200000,charmed-sweep-36
32219.869960079457,0.6800366801424547,0.030303030303030304,0.639670825289973,0,0.22192755357157495,0.0703028957550869,problem_3a,8.57660951933021e-05,20,2048,smooth_tchebycheff,42,0.02702631296264703,0.02999027861204371,200000,usual-sweep-37
27044.822530924575,0.5708114698091243,0.23636363636363636,0.8947657960799463,0,0.27157209589024217,0.11176894349231224,problem_3a,2.139932130623629e-05,20,2048,smooth_tchebycheff,42,0.06597376079783765,0.011701392392345453,200000,sage-sweep-39
27134.68416968123,0.5727081010049656,0.044444444444444446,0.6293976009434337,0,0.2511490019844598,0.1752782522612629,problem_3a,7.808759340496911e-05,20,2048,smooth_tchebycheff,42,0.09648200287542154,0.023646907227661672,200000,efficient-sweep-38
29809.325099779257,0.629159413221016,0.2686868686868687,0.9254638157296707,0,0.15809003441900515,0.09525151209301336,problem_3a,4.643760831122219e-05,20,2048,smooth_tchebycheff,42,0.048214852794226576,0.010483545938890676,200000,fallen-sweep-40
23701.76997611116,0.5002525766871528,0.3575757575757576,0.9426962651112691,0,0.293334436468832,0.1707990195057078,problem_3a,2.008150570679e-05,20,2048,smooth_tchebycheff,42,0.06454699907751155,0.028029604324824178,200000,magic-sweep-41
26498.000674407765,0.5592701780411637,0.00404040404040404,0.8557610351639288,0,0.27172242827119,0.15170586476416667,problem_3a,4.110493161917003e-05,20,2048,smooth_tchebycheff,42,0.034373720833464606,0.006147381910312428,200000,floral-sweep-43
30824.903200788893,0.6505943340041125,0.03434343434343434,0.8142633535146766,0,0.18195437511105397,0.11424773509254084,problem_3a,5.9740071046537354e-05,20,2048,smooth_tchebycheff,42,0.02562601730731907,0.015594037442485158,200000,solar-sweep-42
28848.625499483678,0.6088827650654324,0.3151515151515151,0.9084998049467046,0,0.12240206777315596,0.04536129924402907,problem_3a,4.464115661306166e-05,20,2048,smooth_tchebycheff,42,0.0028724955073409554,0.007744858825429388,200000,deep-sweep-44
28829.321702305584,0.6084753366629156,0.2868686868686869,0.8832621047037853,0,0.21623451514838327,0.027249887854591218,problem_3a,1.9031930146859736e-05,20,2048,smooth_tchebycheff,42,0.08200425304705329,0.02663527784649037,200000,magic-sweep-45
32330.26753464226,0.6823667454156691,0.20404040404040405,0.8981103046388574,0,0.11838989766281272,0.03583691921926637,problem_3a,8.225666913860566e-05,20,2048,smooth_tchebycheff,42,0.02056789911863319,0.017296443799893722,200000,cerulean-sweep-46
33419.69443675586,0.7053603284030967,0.01818181818181818,0.7041802202635081,0,0.2885366336437233,0.125384840237798,problem_3a,6.270546781333541e-05,20,2048,smooth_tchebycheff,42,0.01734480039089802,0.015186467067466024,200000,spring-sweep-48
25781.943009914976,0.544156973749664,0.03434343434343434,0.8391520266449155,0,0.11322899462216214,0.06570715026017955,problem_3a,2.5263365482953057e-05,20,2048,smooth_tchebycheff,42,0.0953444209125501,0.024792104989319063,200000,fancy-sweep-47
