problem,arch,arch_name,hypervolume_mean,hypervolume_std,non_dominated_mean,non_dominated_std,ordering_mean,ordering_std
problem_6a,0,MLP,3268629.4458338656,670802.811263014,0.055054945054945056,0.01848801084766147,0.8843256650486513,0.042072941092163474
problem_6a,2,HGNN (MeanMax),6697991.740983573,2515977.9672144386,0.15186813186813186,0.08479412404766326,0.7518132179048274,0.05820189278525093
problem_6a,3,HGNN (Attn),12893922.673523704,1478343.4005439465,0.07307692307692308,0.022159280033050312,0.6811700466602454,0.06990844032273644
problem_6b,0,MLP,3069193.70548882,600351.9860548545,0.06230769230769231,0.017000145619754645,0.8479831271649563,0.03381238517368309
problem_6b,2,HGNN (MeanMax),6750290.01703726,2159768.5956440587,0.1301098901098901,0.04199326574380674,0.727418192560104,0.04200281133577537
problem_6b,3,HGNN (Attn),12673209.63230712,1241582.877828376,0.07516483516483516,0.03239289430565604,0.6673711201117095,0.04048336377038723
problem_6c,0,MLP,5462006.651167193,932267.4145046188,0.06241758241758242,0.015035280330977644,0.8415065850835484,0.03256479319225063
problem_6c,2,HGNN (MeanMax),18417941.13968142,2103093.368115907,0.14175824175824175,0.04312399312164524,0.5891955595052579,0.08011085993786285
problem_6c,3,HGNN (Attn),30195290.358307727,2428593.2118870975,0.05384615384615384,0.025586349344780334,0.6470983111180639,0.1294407253964571
